MLS,Location,Price,Bedrooms,Bathrooms,Size,Status
132842,Arroyo Grande,795000,3,3,2371,Short Sale
134364,Paso Robles,399000,4,3,2818,Short Sale
135141,Paso Robles,545000,4,3,3032,Short Sale
135712,Morro Bay,909000,4,4,3540,Short Sale
136282,Santa Maria-Orcutt,109900,3,1,1249,Short Sale
136431,Oceano,324900,3,3,1800,Short Sale
137036,Santa Maria-Orcutt,192900,4,2,1603,Short Sale
137090,Santa Maria-Orcutt,215000,3,2,1450,Short Sale
137159,Morro Bay,999000,4,3,3360,Short Sale
137570,Atascadero,319000,3,2,1323,Short Sale
138053,Santa Maria-Orcutt,350000,3,2,1750,Short Sale
138730,Santa Maria-Orcutt,249000,3,2,1400,Short Sale
139291,Arroyo Grande,299000,2,2,1257,Short Sale
139427,Santa Maria-Orcutt,235900,3,2,1400,Short Sale
139461,Santa Maria-Orcutt,348000,3,2,1600,Short Sale
139661,Paso Robles,314000,4,3,1794,Short Sale
139918,Los Alamos,399000,4,2,1850,Short Sale
139932,San Miguel,599000,3,3,2950,Short Sale
140044,Paso Robles,299000,3,2,1719,Short Sale
140073,San Luis Obispo,425000,3,3,1472,Short Sale
140077,Morro Bay,1100000,4,3,4168,Short Sale
140080,Cayucos,1500000,3,3,3880,Short Sale
140113,Santa Maria-Orcutt,110000,2,1,1000,Short Sale
140395,Santa Maria-Orcutt,200000,3,2,1139,Short Sale
140460,Santa Maria-Orcutt,134900,3,1,1080,Short Sale
140703,Santa Maria-Orcutt,250000,4,3,2000,Short Sale
140720,Pismo Beach,950000,3,4,1920,Short Sale
140731,Santa Maria-Orcutt,239950,4,2,1348,Short Sale
141188,Santa Maria-Orcutt,170000,3,2,1280,Short Sale
141212,Santa Maria-Orcutt,285000,3,2,2400,Short Sale
141232,Santa Maria-Orcutt,279000,3,3,1700,Short Sale
141529,Santa Maria-Orcutt,219000,3,2,1600,Short Sale
141541,Santa Maria-Orcutt,155000,3,2,1050,Short Sale
141737,Atascadero,389000,3,2,1415,Short Sale
141847,Nipomo,340000,3,1,1110,Short Sale
141869,Guadalupe,95000,2,1,797,Short Sale
142216,Santa Maria-Orcutt,140000,2,2,1100,Short Sale
142340,Pismo Beach,1100000,3,3,2602,Short Sale
142442,Santa Maria-Orcutt,360000,4,3,2351,Short Sale
142528,Morro Bay,415000,3,3,1350,Short Sale
142539,Santa Maria-Orcutt,250000,4,2,1206,Short Sale
142585,Santa Maria-Orcutt,559000,3,3,2628,Short Sale
142818,Nipomo,525000,3,3,2365,Short Sale
142829,Los Osos,779000,3,3,2990,Short Sale
142870,Arroyo Grande,595000,3,2,1750,Short Sale
142977,Templeton,1150000,4,5,5500,Short Sale
143037,Templeton,550000,3,2,1852,Short Sale
143155,Grover Beach,500000,3,2,2100,Short Sale
143170,Santa Maria-Orcutt,279000,4,3,2580,Short Sale
143178,Santa Maria-Orcutt,375000,4,2,1963,Short Sale
143217,Santa Maria-Orcutt,330000,3,3,1900,Short Sale
143252,Santa Maria-Orcutt,199000,3,3,1450,Short Sale
143255,Santa Maria-Orcutt,165000,2,2,1000,Short Sale
143436,Templeton,1399000,4,3,6500,Foreclosure
143507,Santa Maria-Orcutt,255000,3,2,1218,Short Sale
143524,Cambria,325000,2,2,893,Short Sale
143534,Morro Bay,789000,3,3,2100,Foreclosure
143540,Nipomo,498000,4,3,2341,Short Sale
143884,Nipomo,430000,4,2,2168,Short Sale
143946,Paso Robles,539900,4,3,3032,Short Sale
144204,Pismo Beach,499000,3,2,1293,Short Sale
144238,Los Osos,275000,3,2,1200,Short Sale
144312,Santa Maria-Orcutt,499000,3,4,2250,Short Sale
144314,Morro Bay,899000,3,3,2430,Foreclosure
144316,Morro Bay,1045000,3,3,2100,Foreclosure
144318,Morro Bay,774000,2,2,1550,Foreclosure
144370,Santa Maria-Orcutt,239000,3,3,1800,Short Sale
144380,Santa Maria-Orcutt,195000,3,2,1218,Short Sale
144788,Grover Beach,325000,2,1,768,Short Sale
144815,Nipomo,320000,4,2,1929,Short Sale
144896,Santa Maria-Orcutt,275000,4,3,1877,Short Sale
145087,Paso Robles,329000,3,2,1700,Short Sale
145138,Santa Maria-Orcutt,140000,3,2,1080,Short Sale
145309,Paso Robles,409000,4,3,2192,Short Sale
145448,Santa Maria-Orcutt,167900,3,2,1296,Foreclosure
145471,Nipomo,325000,7,5,2688,Short Sale
145726,Santa Maria-Orcutt,119000,1,1,900,Short Sale
145745,Santa Maria-Orcutt,245000,4,2,1482,Short Sale
145789,Santa Maria-Orcutt,259900,3,2,1726,Short Sale
145850,Arroyo Grande,495000,3,2,1486,Short Sale
145952,San Luis Obispo,399000,4,2,1543,Short Sale
146040,Santa Maria-Orcutt,329700,4,2,1367,Short Sale
146110,Atascadero,199000,1,1,712,Short Sale
146130,Santa Maria-Orcutt,149000,3,2,1040,Short Sale
146144,Paso Robles,225000,3,2,1456,Short Sale
146149,Santa Maria-Orcutt,195000,2,1,811,Short Sale
146212,Paso Robles,359900,3,3,1951,Short Sale
146223,Templeton,799000,4,4,3100,Short Sale
146282,San Luis Obispo,595000,3,2,2117,Short Sale
146302,Paso Robles,89000,3,2,1560,Short Sale
146310,Santa Maria-Orcutt,129900,3,1,1042,Short Sale
146320,Los Osos,375000,3,3,1519,Short Sale
146423,Atascadero,599000,3,2,2774,Short Sale
146496,Paso Robles,235000,3,2,1340,Short Sale
146537,Santa Maria-Orcutt,255900,3,2,1440,Foreclosure
146544,Santa Maria-Orcutt,148900,5,2,1064,Short Sale
146581,Arroyo Grande,749000,3,2,2145,Short Sale
146597,Santa Maria-Orcutt,189900,3,2,1472,Foreclosure
146649,Paso Robles,183000,3,1,888,Short Sale
146667,Santa Maria-Orcutt,232600,3,3,1582,Short Sale
146773,Cambria,520000,3,2,1680,Short Sale
146790,Solvang,355000,3,3,1702,Foreclosure
146797,Pismo Beach,275000,0,1,398,Short Sale
146888,Santa Maria-Orcutt,225000,4,3,1940,Short Sale
146986,Santa Maria-Orcutt,161900,3,2,1200,Short Sale
147094,Santa Maria-Orcutt,249999,3,3,2013,Short Sale
147167,Santa Maria-Orcutt,208000,2,1,1267,Short Sale
147214,Guadalupe,135000,3,1,1100,Short Sale
147216,San Luis Obispo,385000,2,3,1389,Short Sale
147240,Atascadero,750000,4,4,3387,Foreclosure
147241,Atascadero,810000,4,3,3305,Foreclosure
147249,Atascadero,890000,4,5,4229,Foreclosure
147253,Atascadero,895000,4,3,3676,Foreclosure
147374,San Miguel,229900,3,2,1458,Short Sale
147440,Grover Beach,240000,2,2,1020,Short Sale
147450,Atascadero,429000,4,3,2513,Foreclosure
147570,Santa Maria-Orcutt,399000,4,3,2800,Short Sale
147586,Santa Maria-Orcutt,385000,3,2,2000,Short Sale
147603,Paso Robles,294900,3,2,1316,Foreclosure
147611,Paso Robles,399000,3,2,1220,Short Sale
147620,Santa Maria-Orcutt,269000,3,3,1780,Short Sale
147654,Cambria,449000,3,3,2120,Short Sale
147761,Arroyo Grande,555900,5,3,2947,Foreclosure
147767,Paso Robles,319900,4,2,2135,Foreclosure
147819,Cambria,332000,4,4,1872,Foreclosure
147876,Bradley,499000,4,5,3400,Short Sale
147948,Paso Robles,432000,4,3,3113,Short Sale
148070,Arroyo Grande,199000,2,1,827,Short Sale
148168,Santa Maria-Orcutt,29000,2,2,1500,Foreclosure
148195,Atascadero,299000,3,2,1270,Short Sale
148289,Santa Maria-Orcutt,259000,4,3,1857,Short Sale
148318,Los Osos,99000,1,1,538,Short Sale
148324,Avila Beach,779000,2,2,1223,Foreclosure
148325,Avila Beach,839000,2,2,1223,Foreclosure
148384,Santa Ynez,525000,3,2,1746,Short Sale
148399,Santa Ynez,795000,3,2,2092,Short Sale
148472,Santa Maria-Orcutt,337000,4,2,2000,Short Sale
148519,Oceano,164900,2,1,750,Foreclosure
148622,San Luis Obispo,449000,2,3,1650,Short Sale
148624,Guadalupe,94000,2,2,797,Foreclosure
148638,Pismo Beach,899000,3,3,2266,Short Sale
148736,Santa Maria-Orcutt,180000,3,2,1280,Short Sale
148744,Bradley,194900,3,2,1092,Foreclosure
148757,Los Osos,350000,3,2,1509,Short Sale
148806,King City,167770,3,3,1793,Foreclosure
148842,Creston,309900,3,2,1705,Foreclosure
148881,Templeton,479000,2,3,2100,Short Sale
148961,Los Alamos,350000,3,2,1582,Short Sale
149001,Grover Beach,350000,3,2,1470,Short Sale
149024,Santa Maria-Orcutt,275000,3,2,1424,Short Sale
149039,Paso Robles,379000,4,3,2277,Short Sale
149069,King City,155900,4,2,3368,Foreclosure
149105,San Miguel,229000,3,2,1458,Short Sale
149193,Pismo Beach,604995,2,3,1749,Foreclosure
149207,Pismo Beach,599000,3,3,1996,Short Sale
149230,Morro Bay,359000,3,2,1008,Short Sale
149275,Lompoc,199000,4,2,1527,Foreclosure
149287,Paso Robles,164900,3,2,1440,Short Sale
149307,Coalinga,179000,3,2,1815,Short Sale
149317,Paso Robles,370000,4,2,2064,Short Sale
149324,Santa Ynez,999000,5,4,2402,Short Sale
149369,Paso Robles,365000,3,3,2136,Short Sale
149401,San Miguel,345000,3,2,1498,Short Sale
149412,Paso Robles,299000,2,1,1068,Short Sale
149439,Pismo Beach,519500,2,1,634,Short Sale
149470,Buellton,645000,4,4,3000,Short Sale
149482,Santa Maria-Orcutt,242500,3,2,1218,Foreclosure
149514,Santa Maria-Orcutt,259900,3,3,1300,Short Sale
149604,Santa Maria-Orcutt,310000,4,3,2014,Short Sale
149612,Atascadero,450000,2,2,1463,Short Sale
149615,Santa Maria-Orcutt,220000,2,2,1541,Short Sale
149616,San Luis Obispo,585000,3,2,1268,Short Sale
149633,Santa Maria-Orcutt,324000,5,4,2400,Short Sale
149666,Cambria,375000,1,1,551,Short Sale
149700,Paso Robles,329000,3,2,1420,Short Sale
149752,Paso Robles,599900,5,3,2764,Foreclosure
149791,Santa Maria-Orcutt,74900,2,2,1014,Short Sale
149797,Los Osos,285000,3,2,1120,Short Sale
149813,Santa Maria-Orcutt,751900,3,3,3400,Foreclosure
149829,Santa Maria-Orcutt,295000,3,2,1386,Short Sale
149839,Coalinga,170000,3,2,1320,Short Sale
149841,Santa Maria-Orcutt,197000,3,2,1376,Short Sale
149860,Oceano,1250000,3,3,2586,Short Sale
149864,Paso Robles,249000,3,2,1662,Short Sale
149869,Nipomo,179000,2,2,1033,Short Sale
149877,Santa Maria-Orcutt,132000,3,1,1050,Short Sale
149882,Lockwood,425000,3,2,1500,Short Sale
149890,Santa Maria-Orcutt,290000,5,3,2500,Short Sale
149909,Los Osos,150000,2,2,896,Short Sale
149911,Los Osos,150000,2,2,896,Short Sale
149914,Los Osos,150000,2,2,896,Short Sale
149915,Los Osos,150000,2,2,896,Short Sale
149916,Los Osos,150000,2,2,896,Short Sale
149917,Los Osos,205000,2,2,1388,Short Sale
149919,Atascadero,599000,4,3,3120,Short Sale
149922,Paso Robles,269000,3,3,1352,Short Sale
149948,Santa Maria-Orcutt,249000,4,3,1963,Short Sale
149956,Santa Maria-Orcutt,235000,3,3,1541,Short Sale
149961,Grover Beach,469000,4,3,2449,Foreclosure
149989,Nipomo,159000,4,2,1660,Short Sale
149994,King City,69900,3,1,936,Foreclosure
150143,Arroyo Grande,1499000,5,7,6800,Short Sale
150194,Atascadero,239000,3,2,1022,Short Sale
150199,Atascadero,399500,3,2,1665,Short Sale
150240,Paso Robles,299900,3,2,1209,Foreclosure
150256,Lompoc,275000,3,2,1700,Short Sale
150262,Morro Bay,395000,4,2,1736,Short Sale
150283,Santa Maria-Orcutt,105000,1,1,731,Short Sale
150290,Santa Maria-Orcutt,179999,3,2,1086,Short Sale
150294,Santa Maria-Orcutt,219000,3,2,1131,Short Sale
150308,Solvang,325000,3,3,1500,Short Sale
150317,Atascadero,829900,4,3,3827,Short Sale
150335,Santa Maria-Orcutt,165000,2,1,1100,Short Sale
150360,Santa Maria-Orcutt,179000,3,2,1398,Short Sale
150390,Paso Robles,279000,3,2,1381,Short Sale
150392,Atascadero,820000,4,4,3387,Foreclosure
150394,Paso Robles,399000,2,1,1250,Short Sale
150407,San Miguel,164900,3,1,965,Short Sale
150424,Santa Maria-Orcutt,235000,4,2,1860,Short Sale
150439,Arroyo Grande,1900000,4,5,5411,Short Sale
150455,Nipomo,289000,3,2,1367,Short Sale
150470,Paso Robles,355000,3,2,1640,Short Sale
150477,Santa Maria-Orcutt,199000,3,2,1269,Short Sale
150482,Santa Maria-Orcutt,209000,3,2,1275,Short Sale
150493,Lompoc,186900,3,1,912,Foreclosure
150501,Santa Maria-Orcutt,240000,4,2,1460,Short Sale
150513,Nipomo,515000,2,2,2000,Short Sale
150543,Santa Maria-Orcutt,215000,4,2,1750,Short Sale
150556,Santa Maria-Orcutt,399900,4,4,3050,Short Sale
150571,Paso Robles,369000,4,3,2371,Short Sale
150572,Paso Robles,250000,2,2,1292,Short Sale
150588,Paso Robles,259000,3,2,1640,Short Sale
150611,Santa Maria-Orcutt,180000,2,2,1082,Short Sale
150636,Solvang,399900,3,2,1522,Short Sale
150638,Arroyo Grande,385000,3,2,1535,Short Sale
150669,Santa Maria-Orcutt,154000,2,2,1100,Short Sale
150732,San Luis Obispo,254900,2,2,966,Foreclosure
150744,Paso Robles,315000,4,2,1653,Short Sale
150746,Santa Maria-Orcutt,437500,3,3,2523,Short Sale
150751,Santa Maria-Orcutt,299900,3,3,2511,Short Sale
150773,Arroyo Grande,399000,3,3,1772,Short Sale
150823,Paso Robles,330000,3,3,1889,Short Sale
150827,Arroyo Grande,279000,2,2,880,Short Sale
150844,Santa Maria-Orcutt,248000,3,2,1400,Short Sale
150857,Santa Maria-Orcutt,209000,3,3,1494,Short Sale
150879,Los Osos,729000,3,2,1844,Short Sale
150903,Atascadero,454500,4,3,1900,Foreclosure
150929,Paso Robles,249000,3,2,1176,Short Sale
150949,Nipomo,1700000,3,5,4463,Short Sale
150966,Grover Beach,349000,3,2,1635,Short Sale
150969,Grover Beach,575000,3,3,2095,Short Sale
150980,Santa Maria-Orcutt,185000,3,2,1300,Short Sale
150981,Santa Maria-Orcutt,165000,3,2,1200,Short Sale
150987,Morro Bay,311900,0,1,910,Foreclosure
151000,Santa Maria-Orcutt,175000,3,2,1600,Short Sale
151005,Lompoc,180000,4,2,1332,Short Sale
151009,Santa Maria-Orcutt,78000,2,2,1680,Short Sale
151021,Oceano,142900,2,1,1313,Foreclosure
151071,Atascadero,850000,4,4,3744,Foreclosure
151078,Paso Robles,389000,3,2,1998,Short Sale
151080,Santa Maria-Orcutt,641900,3,3,2714,Foreclosure
151083,Templeton,305000,4,2,1797,Short Sale
151084,Paso Robles,260000,3,3,1687,Short Sale
151085,Paso Robles,320000,3,2,1663,Short Sale
151097,Atascadero,199000,2,1,792,Short Sale
151107,Santa Maria-Orcutt,299000,2,2,1410,Short Sale
151114,Buellton,289000,2,2,1085,Short Sale
151126,Santa Maria-Orcutt,229900,3,3,1900,Short Sale
151138,Atascadero,865000,4,3,3305,Foreclosure
151186,Atascadero,900000,4,4,3962,Short Sale
151187,Atascadero,199000,2,3,1260,Short Sale
151213,Santa Maria-Orcutt,160000,2,3,1200,Short Sale
151227,Santa Maria-Orcutt,299000,3,3,2400,Short Sale
151228,Oceano,300000,3,3,1265,Short Sale
151232,Santa Maria-Orcutt,270000,4,2,1460,Short Sale
151246,Nipomo,490000,3,3,1894,Short Sale
151249,Santa Maria-Orcutt,295000,3,3,1800,Short Sale
151257,Paso Robles,225000,3,2,1550,Short Sale
151277,Atascadero,324900,2,2,1426,Short Sale
151293,Santa Maria-Orcutt,165000,3,2,1110,Short Sale
151296,Santa Maria-Orcutt,157900,3,2,1075,Short Sale
151304,Nipomo,299000,3,2,1756,Short Sale
151308,Paso Robles,369000,3,3,2150,Short Sale
151373,Santa Maria-Orcutt,233000,4,2,1650,Short Sale
151395,Santa Maria-Orcutt,109900,2,2,1200,Foreclosure
151402,Paso Robles,309000,3,2,1488,Short Sale
151419,Pismo Beach,1799000,4,4,3609,Foreclosure
151441,Santa Maria-Orcutt,209900,2,2,1113,Short Sale
151443,Solvang,499000,3,2,1600,Short Sale
151451,Arroyo Grande,525000,4,2,1961,Short Sale
151454,Los Osos,650000,3,3,3249,Short Sale
151470,Morro Bay,529000,3,3,1510,Short Sale
151498,Santa Maria-Orcutt,179000,3,2,1300,Short Sale
151521,Lompoc,282000,3,3,1736,Short Sale
151527,Templeton,899000,4,3,3008,Short Sale
151534,Santa Maria-Orcutt,130000,3,2,1850,Short Sale
151636,Santa Maria-Orcutt,205000,3,2,1146,Short Sale
151640,Santa Maria-Orcutt,180900,2,2,1100,Short Sale
151647,Atascadero,409900,4,4,2135,Short Sale
151648,Atascadero,409900,4,4,2135,Short Sale
151678,Grover Beach,469000,3,2,1827,Short Sale
151681,Arroyo Grande,289000,3,1,1005,Short Sale
151690,Santa Maria-Orcutt,99999,2,3,1800,Short Sale
151700,Santa Maria-Orcutt,445000,5,3,3307,Foreclosure
151711,Atascadero,640000,3,3,2160,Short Sale
151724,San Miguel,185000,3,2,1062,Short Sale
151732,Santa Maria-Orcutt,210000,4,2,1102,Short Sale
151772,Santa Maria-Orcutt,199900,3,2,1215,Short Sale
151805,Santa Maria-Orcutt,225000,3,2,1600,Short Sale
151816,Paso Robles,369900,4,2,2161,Foreclosure
151824,Santa Maria-Orcutt,120000,3,2,1686,Short Sale
151826,Paso Robles,199000,2,1,1000,Short Sale
151832,Arroyo Grande,520000,3,3,2600,Short Sale
151837,Paso Robles,579000,5,3,3150,Foreclosure
151854,Santa Maria-Orcutt,300000,4,2,1257,Short Sale
151857,Arroyo Grande,325000,3,2,1171,Short Sale
151864,Santa Maria-Orcutt,225000,3,2,1144,Short Sale
151870,Atascadero,395000,2,1,1160,Short Sale
151871,Santa Maria-Orcutt,399000,4,3,2300,Short Sale
151876,Lompoc,165000,3,2,1144,Short Sale
151882,Arroyo Grande,374900,3,2,1368,Short Sale
151903,Santa Maria-Orcutt,199900,3,2,1238,Short Sale
151913,Arroyo Grande,365000,3,1,1056,Short Sale
151925,Santa Maria-Orcutt,222900,2,2,1086,Short Sale
151932,Los Osos,249900,2,1,720,Foreclosure
151934,Paso Robles,290000,3,2,1426,Short Sale
151940,Santa Maria-Orcutt,170500,4,2,1361,Short Sale
151942,Atascadero,560000,3,3,2344,Short Sale
151952,Nipomo,339900,4,2,1925,Short Sale
151967,Nipomo,550000,4,3,2600,Short Sale
151991,San Miguel,269900,4,2,1601,Short Sale
151994,Paso Robles,350000,3,2,1395,Short Sale
151996,Los Osos,214000,2,2,1042,Foreclosure
152002,Santa Maria-Orcutt,299900,3,2,1200,Short Sale
152003,Nipomo,139500,2,2,1248,Foreclosure
152006,Lompoc,360000,4,3,3000,Short Sale
152014,Paso Robles,315000,3,2,1300,Short Sale
152019,Paso Robles,279900,3,2,1244,Foreclosure
152024,Paso Robles,399000,4,2,2139,Short Sale
152036,Atascadero,475000,4,3,2450,Short Sale
152037,Santa Maria-Orcutt,65900,2,2,840,Foreclosure
152048,Coalinga,212000,4,3,1878,Short Sale
152068,San Miguel,180000,3,2,1350,Short Sale
152075,Santa Maria-Orcutt,210000,4,2,1377,Short Sale
152078,Buellton,375000,3,3,1475,Short Sale
152109,Atascadero,106900,2,2,894,Foreclosure
152116,Paso Robles,221830,3,2,1550,Short Sale
152122,Nipomo,239000,3,2,1106,Short Sale
152131,Atascadero,187500,1,1,594,Short Sale
152137,Los Alamos,445000,5,3,3200,Short Sale
152139,Santa Maria-Orcutt,309000,3,2,1906,Short Sale
152152,Santa Maria-Orcutt,315000,3,2,2004,Short Sale
152154,Santa Maria-Orcutt,191100,3,1,1200,Foreclosure
152163,Cambria,699900,5,3,1818,Foreclosure
152190,Nipomo,189500,2,2,1040,Short Sale
152191,Santa Maria-Orcutt,199000,4,2,1400,Short Sale
152196,Santa Maria-Orcutt,359000,4,3,2209,Short Sale
152203,Atascadero,264450,3,1,1030,Short Sale
152213,Templeton,459000,3,2,1999,Short Sale
152227,Santa Maria-Orcutt,150000,3,2,1316,Short Sale
152228,Pismo Beach,875000,3,3,2200,Short Sale
152233,Pismo Beach,599000,2,2,1200,Short Sale
152263,Atascadero,250000,3,3,1261,Short Sale
152265,Lompoc,165000,3,2,1120,Short Sale
152272,Santa Maria-Orcutt,229900,4,3,1857,Short Sale
152277,Santa Maria-Orcutt,229900,3,2,1400,Short Sale
152291,Paso Robles,269900,3,2,1139,Short Sale
152298,Santa Maria-Orcutt,245000,5,3,6098,Short Sale
152320,Santa Maria-Orcutt,165000,3,2,1300,Short Sale
152326,Lompoc,429000,3,3,2041,Short Sale
152340,Santa Maria-Orcutt,309900,4,3,2248,Short Sale
152351,Arroyo Grande,265000,2,1,972,Foreclosure
152359,Santa Maria-Orcutt,169900,4,2,1500,Short Sale
152360,Santa Maria-Orcutt,380900,3,2,2000,Short Sale
152384,Santa Maria-Orcutt,315000,4,3,1939,Short Sale
152393,Lompoc,260000,3,2,1413,Short Sale
152395,Santa Maria-Orcutt,119900,3,2,1312,Short Sale
152396,Santa Maria-Orcutt,211500,3,2,1275,Foreclosure
152401,Santa Maria-Orcutt,149000,2,1,854,Short Sale
152405,San Luis Obispo,890000,3,3,3474,Short Sale
152410,Cambria,289900,3,2,1380,Foreclosure
152459,Santa Maria-Orcutt,289000,4,3,2100,Short Sale
152487,Oceano,399900,3,2,1487,Short Sale
152491,Santa Maria-Orcutt,125000,3,2,900,Short Sale
152496,Nipomo,359900,5,3,3036,Short Sale
152515,Santa Maria-Orcutt,239000,3,3,1800,Short Sale
152525,Santa Maria-Orcutt,199900,3,3,1600,Short Sale
152533,Santa Maria-Orcutt,179900,4,3,2150,Short Sale
152565,Santa Maria-Orcutt,195000,3,2,1300,Short Sale
152570,San Luis Obispo,299000,2,2,896,Foreclosure
152581,Santa Maria-Orcutt,265000,2,3,1700,Short Sale
152586,Nipomo,699000,3,2,1700,Foreclosure
152597,Grover Beach,275000,2,2,1194,Short Sale
152617,Paso Robles,169990,3,2,1465,Foreclosure
152619,Santa Maria-Orcutt,189000,3,3,1530,Short Sale
152638,Santa Ynez,695000,4,2,2032,Foreclosure
152670,Santa Maria-Orcutt,105000,2,2,1088,Short Sale
152675,Santa Maria-Orcutt,365000,4,4,4000,Short Sale
152677,Paso Robles,335900,3,3,1296,Foreclosure
152683,Lompoc,170000,3,2,944,Short Sale
152705,Santa Maria-Orcutt,339900,4,2,2100,Short Sale
152716,Santa Maria-Orcutt,359900,3,3,2340,Short Sale
152718,Santa Maria-Orcutt,143000,3,2,1080,Short Sale
152720,Santa Maria-Orcutt,199000,3,2,1196,Short Sale
152727,San Luis Obispo,374800,3,3,1365,Short Sale
152757,Los Osos,499000,3,2,2120,Short Sale
152764,Atascadero,138900,2,1,1055,Foreclosure
152768,Avila Beach,1999000,4,5,5307,Short Sale
152771,Paso Robles,359000,3,2,1774,Short Sale
152772,Santa Maria-Orcutt,294900,4,2,1856,Short Sale
152773,Atascadero,299500,4,2,1836,Foreclosure
152778,Santa Maria-Orcutt,427900,4,3,2367,Short Sale
152781,Nipomo,269000,3,2,1181,Short Sale
152784,Bradley,449000,3,3,2563,Short Sale
152792,Santa Maria-Orcutt,144900,2,2,1130,Foreclosure
152794,Santa Maria-Orcutt,345000,3,3,2020,Short Sale
152800,Paso Robles,239000,4,2,1240,Short Sale
152805,Los Osos,310000,2,1,780,Short Sale
152806,Santa Maria-Orcutt,225000,3,3,1800,Short Sale
152809,Paso Robles,695000,5,6,3750,Short Sale
152820,Nipomo,242500,3,3,1650,Short Sale
152844,Arroyo Grande,249250,2,1,728,Short Sale
152849,Grover Beach,479000,3,2,1462,Short Sale
152854,Lompoc,169900,3,2,1150,Foreclosure
152856,Santa Maria-Orcutt,219900,3,3,1660,Short Sale
152887,Paso Robles,150000,2,2,1440,Short Sale
152888,Nipomo,649000,4,2,1814,Foreclosure
152890,Santa Maria-Orcutt,285000,4,3,2100,Short Sale
152893,Paso Robles,163999,3,2,1488,Short Sale
152897,Nipomo,349000,4,2,1718,Short Sale
152900,Buellton,409900,3,2,1716,Foreclosure
152906,Los Osos,275000,3,2,1320,Short Sale
152912,Santa Maria-Orcutt,179900,3,2,1200,Foreclosure
152914,Oceano,789000,3,3,2218,Short Sale
152937,Santa Maria-Orcutt,299000,4,3,1768,Short Sale
152948,Arroyo Grande,850000,5,4,3588,Foreclosure
152964,Santa Maria-Orcutt,295900,3,2,1776,Short Sale
152967,Santa Maria-Orcutt,199000,4,3,1467,Short Sale
152969,Santa Maria-Orcutt,199900,3,3,1950,Short Sale
152978,Santa Maria-Orcutt,179900,3,2,1288,Foreclosure
152987,Atascadero,290000,3,3,1733,Short Sale
152989,Santa Maria-Orcutt,168000,3,2,1128,Short Sale
152998,Santa Maria-Orcutt,270000,3,3,1900,Short Sale
152999,Los Osos,1249000,6,7,5103,Foreclosure
153000,Santa Maria-Orcutt,240000,3,2,1255,Short Sale
153014,Coalinga,219500,5,2,1802,Short Sale
153032,Santa Maria-Orcutt,235000,4,3,2336,Short Sale
153036,San Luis Obispo,239800,2,2,1190,Foreclosure
153042,Santa Maria-Orcutt,269000,3,3,1800,Short Sale
153047,Paso Robles,319200,4,3,2006,Foreclosure
153052,Paso Robles,402500,3,2,2446,Foreclosure
153068,Paso Robles,425000,3,2,2114,Short Sale
153084,Atascadero,669000,3,3,2600,Short Sale
153085,Atascadero,369000,3,2,1514,Short Sale
153088,Paso Robles,239900,3,2,1080,Foreclosure
153095,Grover Beach,249500,2,2,1088,Short Sale
153116,Solvang,557000,4,2,1809,Short Sale
153119,Santa Maria-Orcutt,339900,6,3,2053,Foreclosure
153127,Nipomo,149900,2,2,969,Short Sale
153133,Arroyo Grande,849900,3,4,3375,Short Sale
153134,Lompoc,307000,3,2,1594,Foreclosure
153157,Santa Maria-Orcutt,259000,4,3,1900,Short Sale
153160,Santa Maria-Orcutt,165000,3,2,1050,Short Sale
153168,Santa Maria-Orcutt,289900,3,2,1414,Foreclosure
153175,Nipomo,879000,3,4,3698,Short Sale
153179,Santa Maria-Orcutt,220000,3,2,1200,Short Sale
153185,Atascadero,309000,3,3,1685,Short Sale
153197,Paso Robles,580000,3,3,2271,Short Sale
153207,Santa Maria-Orcutt,459900,2,2,1150,Short Sale
153214,Santa Maria-Orcutt,299000,5,3,2481,Short Sale
153230,Santa Maria-Orcutt,309900,4,3,1600,Short Sale
153234,Paso Robles,287000,3,2,1269,Short Sale
153259,Grover Beach,310000,3,2,1200,Short Sale
153264,Atascadero,229900,3,2,1198,Foreclosure
153268,Buellton,377000,3,2,1363,Foreclosure
153276,Lompoc,295000,4,2,1973,Short Sale
153288,Santa Maria-Orcutt,225000,3,2,1516,Short Sale
153294,Santa Maria-Orcutt,130000,3,2,1080,Short Sale
153314,Santa Maria-Orcutt,169990,2,1,920,Short Sale
153327,Santa Maria-Orcutt,145000,3,2,1027,Foreclosure
153343,Greenfield,184800,4,2,2018,Foreclosure
153370,Santa Maria-Orcutt,189900,3,2,1253,Foreclosure
153371,Santa Maria-Orcutt,249000,3,2,1062,Short Sale
153377,Santa Maria-Orcutt,185000,4,2,1934,Short Sale
153382,Atascadero,145000,2,2,1041,Short Sale
153384,Paso Robles,429000,5,3,2700,Foreclosure
153406,Arroyo Grande,419000,2,2,1587,Short Sale
153411,Santa Maria-Orcutt,245000,3,3,1859,Short Sale
153425,Santa Maria-Orcutt,289900,4,3,2400,Short Sale
153428,Santa Maria-Orcutt,175000,3,2,1110,Short Sale
153432,Santa Maria-Orcutt,139000,3,2,1075,Short Sale
153442,Arroyo Grande,514900,4,3,2035,Foreclosure
153447,Pismo Beach,549000,3,2,1858,Short Sale
153464,Atascadero,235000,3,3,1261,Short Sale
153480,Atascadero,399000,6,3,2628,Foreclosure
153500,Los Osos,259900,3,2,1120,Short Sale
153513,Lompoc,350900,3,2,1686,Foreclosure
153516,Nipomo,1399900,4,4,5190,Short Sale
153543,Santa Maria-Orcutt,399000,3,2,1840,Short Sale
153547,Solvang,399000,3,2,1204,Short Sale
153552,Atascadero,199000,2,1,973,Short Sale
153556,Santa Maria-Orcutt,350000,3,2,1622,Short Sale
153565,Nipomo,296800,4,2,2125,Foreclosure
153570,Santa Maria-Orcutt,165000,3,2,1204,Short Sale
153576,Santa Maria-Orcutt,210000,3,3,1750,Short Sale
153606,San Miguel,229000,3,2,1458,Short Sale
153633,San Miguel,199500,3,2,1184,Short Sale
153639,Santa Maria-Orcutt,110000,3,2,1000,Short Sale
153647,Paso Robles,264900,3,3,1197,Foreclosure
153656,Atascadero,449900,3,3,2135,Foreclosure
153668,Santa Maria-Orcutt,159900,3,2,1114,Short Sale
153692,Paso Robles,429000,4,2,1870,Short Sale
153693,Grover Beach,265000,1,1,566,Short Sale
153697,Nipomo,279900,2,2,1134,Short Sale
153710,Santa Maria-Orcutt,174900,3,2,1100,Foreclosure
153719,Lompoc,158900,4,2,1144,Foreclosure
153734,Santa Maria-Orcutt,150000,3,2,1349,Short Sale
153738,Buellton,269000,3,3,1281,Short Sale
153746,Atascadero,489900,3,3,1957,Foreclosure
153757,Santa Maria-Orcutt,256000,4,2,1174,Short Sale
153768,Atascadero,335000,4,3,2400,Short Sale
153769,Morro Bay,435000,3,2,1236,Short Sale
153774,Santa Maria-Orcutt,280000,3,3,1910,Short Sale
153779,Paso Robles,409000,4,2,2064,Foreclosure
153780,Paso Robles,409000,4,2,2064,Foreclosure
153781,Paso Robles,399000,4,3,1888,Foreclosure
153783,Paso Robles,389000,4,2,1862,Foreclosure
153785,Nipomo,222600,3,2,1106,Foreclosure
153791,Santa Maria-Orcutt,140000,3,2,1200,Short Sale
153799,Soledad,220000,5,3,2408,Foreclosure
153800,Nipomo,650000,3,3,2703,Short Sale
153802,Lompoc,405000,3,2,1728,Short Sale
153807,Paso Robles,409000,3,2,1960,Foreclosure
153828,Santa Maria-Orcutt,164900,3,2,1092,Foreclosure
153839,Santa Margarita,59900,1,1,628,Foreclosure
153850,Santa Maria-Orcutt,199900,3,2,1275,Short Sale
153864,Atascadero,95000,2,1,756,Foreclosure
153865,Oceano,170000,2,2,885,Short Sale
153866,San Miguel,720000,4,4,3531,Foreclosure
153872,Santa Maria-Orcutt,204000,3,2,1712,Short Sale
153876,Santa Maria-Orcutt,220000,3,2,1100,Short Sale
153881,Buellton,498900,4,3,1500,Foreclosure
153900,Santa Maria-Orcutt,229900,3,2,1671,Short Sale
153915,San Luis Obispo,531905,3,2,1668,Foreclosure
153923,Santa Maria-Orcutt,114900,2,1,775,Foreclosure
153927,Guadalupe,145000,3,2,1200,Short Sale
153939,Lompoc,191330,4,2,1237,Foreclosure
153944,Lompoc,199900,4,2,1338,Short Sale
153949,Santa Maria-Orcutt,266800,4,3,2100,Short Sale
153953,San Miguel,84900,2,2,1222,Foreclosure
153955,Santa Maria-Orcutt,250000,3,2,1807,Short Sale
153960,Santa Maria-Orcutt,220000,4,2,1352,Short Sale
153971,Lompoc,227900,3,2,1503,Foreclosure
153997,Buellton,384900,4,2,1571,Foreclosure
154005,Paso Robles,529000,4,3,2502,Short Sale
154006,Santa Maria-Orcutt,159900,3,2,1526,Foreclosure
154010,Atascadero,199000,3,2,1007,Short Sale
154015,Lompoc,125000,3,3,1306,Foreclosure
154028,Bakersfield,91500,3,2,1313,Short Sale
154034,Santa Maria-Orcutt,155000,3,2,1593,Short Sale
154038,Paso Robles,409000,3,3,2203,Short Sale
154044,Atascadero,949000,5,4,5200,Short Sale
154048,Atascadero,90000,2,1,756,Short Sale
154058,Santa Maria-Orcutt,300000,3,3,2328,Foreclosure
154060,Santa Maria-Orcutt,179900,3,2,1008,Short Sale
154066,Grover Beach,349000,3,2,1346,Short Sale
154071,Nipomo,220000,3,2,1112,Foreclosure
154074,Santa Maria-Orcutt,155000,3,2,1340,Short Sale
154075,Paso Robles,390000,4,2,2236,Short Sale
154090,Santa Maria-Orcutt,425000,5,4,3039,Short Sale
154091,Santa Maria-Orcutt,249900,3,2,1733,Short Sale
154092,Santa Maria-Orcutt,239000,4,3,1947,Short Sale
154111,Buellton,395000,4,3,1868,Short Sale
154113,Buellton,375000,3,3,1475,Short Sale
154115,Buellton,395000,4,3,1868,Short Sale
154116,Buellton,395000,4,3,1868,Short Sale
154119,Santa Maria-Orcutt,230000,4,3,1927,Short Sale
154131,Santa Maria-Orcutt,189000,3,2,1292,Foreclosure
154136,Paso Robles,304900,3,2,1657,Foreclosure
154145,Santa Maria-Orcutt,169900,3,2,1300,Foreclosure
154147,Santa Maria-Orcutt,286500,3,2,1700,Short Sale
154153,San Miguel,325000,4,2,2400,Short Sale
154154,Grover Beach,375000,3,2,1278,Short Sale
154159,Paso Robles,278000,3,2,1396,Foreclosure
154161,Paso Robles,149000,3,2,1368,Short Sale
154167,Santa Maria-Orcutt,209000,3,2,1520,Short Sale
154169,Santa Maria-Orcutt,95000,2,2,900,Short Sale
154171,Santa Maria-Orcutt,199900,3,2,1407,Short Sale
154175,Santa Maria-Orcutt,185000,3,2,1170,Short Sale
154182,Lompoc,449900,4,3,3035,Foreclosure
154197,Santa Maria-Orcutt,310000,5,4,2900,Short Sale
154199,Santa Maria-Orcutt,239900,4,2,1656,Short Sale
154200,Santa Maria-Orcutt,187900,2,2,980,Foreclosure
154201,Arroyo Grande,450000,3,2,1916,Short Sale
154205,San Luis Obispo,440000,3,3,1756,Short Sale
154223,Santa Maria-Orcutt,260000,3,2,1278,Short Sale
154233,New Cuyama,40900,3,1,1201,Short Sale
154241,Paso Robles,249000,3,2,1275,Short Sale
154242,Atascadero,349000,3,3,2000,Short Sale
154244,Santa Maria-Orcutt,175000,3,2,1200,Short Sale
154246,Atascadero,449970,3,2,2000,Foreclosure
154254,Grover Beach,419000,3,2,1902,Short Sale
154257,Arroyo Grande,400000,3,3,1568,Short Sale
154259,Santa Maria-Orcutt,185000,3,2,1257,Short Sale
154276,Santa Maria-Orcutt,139900,2,2,1100,Short Sale
154279,Santa Maria-Orcutt,174900,3,2,1461,Foreclosure
154283,Soledad,165360,4,2,1353,Foreclosure
154284,Santa Maria-Orcutt,169000,3,2,1200,Short Sale
154298,Santa Maria-Orcutt,240000,3,3,2039,Short Sale
154304,Santa Maria-Orcutt,364000,4,3,2150,Short Sale
154308,Arroyo Grande,250000,1,1,748,Short Sale
154309,Santa Maria-Orcutt,299900,4,3,1969,Foreclosure
154311,Santa Maria-Orcutt,281900,4,3,2357,Foreclosure
154312,Grover Beach,349900,3,1,1522,Short Sale
154317,Santa Maria-Orcutt,220000,3,2,1850,Short Sale
154320,Templeton,774800,3,4,3123,Foreclosure
154322,Santa Maria-Orcutt,135000,3,2,1200,Short Sale
154325, Lompoc,149900,3,1,1000,Regular
154327,Paso Robles,599000,3,2,2082,Foreclosure
154328,Santa Maria-Orcutt,179000,3,2,1200,Foreclosure
154329,Santa Maria-Orcutt,177000,3,2,1500,Foreclosure
154329,Santa Maria-Orcutt,177000,3,2,1500,Regular
154330, Nipomo,122500,4,2,1248,Regular
154332,Santa Maria-Orcutt,239500,3,2,1400,Short Sale
154335,Paso Robles,214900,3,2,1080,Foreclosure
154338,Santa Maria-Orcutt,275000,3,2,1460,Short Sale
154343, Arroyo Grande,425000,3,2,1437,Regular
154344,San Simeon,274900,2,2,1218,Foreclosure
154345, Nipomo,175000,2,2,1152,Regular
154346, Morro Bay,535000,2,2,1410,Regular
154347, Pismo Beach,540000,2,1,817,Regular
154348, Cambria,389000,2,2,703,Regular
154350,Paso Robles,250000,3,2,1425,Short Sale
154352, Paso Robles,425000,3,2,1807,Regular
154353, Out Of Area,1195000,5,4,3800,Regular
154354, Los Osos,1350000,3,3,2502,Regular
154356,Santa Maria-Orcutt,78500,1,1,800,Foreclosure
154357, Paso Robles,549000,3,2,2237,Regular
154358, Santa Maria-Orcutt,399900,4,2,1860,Regular
154359,Atascadero,699000,10,11,4905,Short Sale
154360, Santa Maria-Orcutt,129000,2,2,1200,Regular
154361, Cambria,480000,2,2,1698,Regular
154363,Nipomo,189000,3,1,1022,Foreclosure
154365, Pismo Beach,639900,3,2,2080,Regular
154366, Santa Maria-Orcutt,699900,5,4,3000,Regular
154367, Grover Beach,999000,3,3,3621,Regular
154370, Arroyo Grande,599000,3,2,1570,Regular
154371, Santa Maria-Orcutt,365000,4,2,1860,Regular
154372,Cambria,359900,3,2,1840,Foreclosure
154373, Arroyo Grande,995000,4,4,3740,Regular
154374,Lompoc,193450,4,2,1217,Foreclosure
154376,Santa Maria-Orcutt,179900,3,3,1520,Short Sale
154378,Grover Beach,329900,3,2,1240,Short Sale
154379, Templeton,509000,3,2,1936,Regular
154380, Atascadero,995000,3,3,2044,Regular
154381, Pismo Beach,545000,3,2,1946,Regular
154382, Pismo Beach,795000,3,3,2028,Regular
154383, Atascadero,830000,4,3,2700,Regular
154384, Arroyo Grande,54500,2,1,624,Regular
154385, Arroyo Grande,149000,3,2,1800,Regular
154386, Santa Maria-Orcutt,36000,2,2,1056,Regular
154387, Paso Robles,349000,3,2,1467,Regular
154389,Santa Maria-Orcutt,299900,4,3,2150,Short Sale
154390, Morro Bay,469000,4,2,2004,Regular
154393, Oceano,1195000,2,2,1044,Regular
154394,Solvang,419900,3,2,1576,Foreclosure
154397, Los Osos,189000,2,2,1536,Regular
154398,Lompoc,163900,3,2,1082,Foreclosure
154399,Lompoc,163900,3,2,1237,Foreclosure
154400, Los Osos,648000,3,3,2193,Regular
154401,Santa Maria-Orcutt,130000,3,2,1022,Short Sale
154402,Atascadero,264900,3,2,1232,Foreclosure
154407,Santa Maria-Orcutt,189900,4,2,1435,Foreclosure
154408,Santa Maria-Orcutt,200000,4,2,1430,Short Sale
154410, Arroyo Grande,1249000,3,3,2480,Regular
154412, Cayucos,525000,3,3,1832,Regular
154413, Cambria,729000,3,3,1953,Regular
154414,Santa Maria-Orcutt,109900,3,2,1100,Foreclosure
154415, Santa Maria-Orcutt,850000,3,2,2481,Regular
154417,Santa Maria-Orcutt,249500,3,2,1704,Short Sale
154418,Oceano,179900,3,2,1161,Foreclosure
154419, Los Osos,149000,3,2,1440,Regular
154420, Creston,549000,3,2,1701,Regular
154421, Atascadero,435000,3,2,1536,Regular
154422, Atascadero,299000,3,2,1310,Regular
154423, Los Osos,625000,3,2,2187,Regular
154425,Santa Maria-Orcutt,399000,4,3,2100,Short Sale
154427,Out Of Area,186900,4,2,1511,Regular
154428, Cambria,1290000,3,3,2130,Regular
154429,Solvang,264900,2,3,1400,Foreclosure
154430,Lompoc,198900,3,2,1225,Foreclosure
154432, Paso Robles,318000,3,3,1868,Regular
154434, Cambria,2000000,4,4,3576,Regular
154435, Cambria,598000,2,3,2219,Regular
154437,Paso Robles,439900,3,3,2508,Foreclosure
154441, Pismo Beach,920000,3,3,2817,Regular
154442,Santa Maria-Orcutt,179900,3,2,1972,Short Sale
154443,Templeton,325000,2,1,952,Short Sale
154444, Grover Beach,369000,3,2,1080,Regular
154455, Santa Maria-Orcutt,312900,3,2,1454,Regular
154461, Atascadero,575000,3,3,1961,Regular
154462, Santa Maria-Orcutt,26500,2,2,1344,Regular
154463, San Luis Obispo,2369000,5,6,4174,Regular
154464, Atascadero,67500,2,2,120,Regular
154466, San Luis Obispo,1490000,3,3,3201,Regular
154467, Morro Bay,652000,3,2,1427,Regular
154468, Atascadero,449000,3,3,2100,Regular
154469, Morro Bay,982800,3,2,2306,Regular
154470,Santa Maria-Orcutt,235000,4,3,2100,Short Sale
154472, Paso Robles,579900,4,3,3166,Regular
154474,Santa Maria-Orcutt,250000,3,2,1280,Short Sale
154475,Coalinga,100000,3,1,870,Short Sale
154476,Coalinga,125000,2,1,960,Short Sale
154477, Cambria,650000,2,2,919,Regular
154478,Santa Maria-Orcutt,119900,2,2,1034,Foreclosure
154479,San Miguel,209900,3,2,1356,Foreclosure
154481, Paso Robles,524900,3,2,2380,Regular
154482,Atascadero,349000,5,3,3000,Short Sale
154482, Atascadero,349000,5,3,3000,Regular
154483, Cambria,825000,2,3,1840,Regular
154484,Grover Beach,255000,3,2,1189,Short Sale
154485,Nipomo,259000,4,2,1336,Short Sale
154486,Paso Robles,199000,2,1,832,Short Sale
154487,Santa Maria-Orcutt,410000,5,3,2100,Foreclosure
154488, Paso Robles,199000,3,1,940,Regular
154489, Paso Robles,270000,3,2,1344,Regular
154490, Cayucos,695000,2,2,1437,Regular
154491, Cambria,2995000,5,4,3684,Regular
154492, Paso Robles,131900,1,2,300,Regular
154493, Cambria,995000,4,3,2717,Regular
154494, Santa Maria-Orcutt,250000,4,3,2097,Regular
154495,Arroyo Grande,239800,5,2,1575,Foreclosure
154496, Atascadero,425000,6,3,2628,Regular
154497, Arroyo Grande,525000,3,2,1750,Regular
154498, Pismo Beach,459900,3,2,1346,Regular
154501,Atascadero,229900,3,2,1041,Foreclosure
154503,Out Of Area,199900,3,2,1526,Regular
154504, Arroyo Grande,599000,4,2,1728,Regular
154506,Santa Maria-Orcutt,197600,4,2,1378,Foreclosure
154508, Santa Maria-Orcutt,355000,2,1,1145,Regular
154510, Paso Robles,339900,3,2,1325,Regular
154512, Santa Maria-Orcutt,299000,3,3,1850,Regular
154513,Soledad,166800,4,2,1765,Foreclosure
154515,Grover Beach,379000,4,2,1631,Short Sale
154516,Santa Ynez,1395000,4,4,2693,Short Sale
154517,Santa Maria-Orcutt,150000,3,2,1316,Short Sale
154518, San Luis Obispo,475000,3,2,1382,Regular
154519,Santa Maria-Orcutt,265000,4,3,2300,Foreclosure
154520,Atascadero,265000,3,2,1617,Short Sale
154521, Los Osos,225000,2,2,1150,Regular
154522,Paso Robles,249900,2,2,1674,Foreclosure
154523, Arroyo Grande,509000,3,2,1543,Regular
154525, Paso Robles,214900,2,2,1351,Regular
154526, Arroyo Grande,5499000,4,5,5060,Regular
154528, Santa Maria-Orcutt,349900,3,2,2000,Regular
154530, Solvang,125000,2,2,1536,Regular
154531,Cambria,549000,2,2,924,Short Sale
154532, Cambria,865000,3,3,1860,Regular
154533, Bradley,1600000,3,3,2640,Regular
154534, Nipomo,1065000,4,4,3395,Regular
154536,Templeton,625000,3,2,1850,Foreclosure
154538, Santa Maria-Orcutt,249999,3,2,1000,Regular
154539, Arroyo Grande,975000,4,3,2720,Regular
154541,Oceano,204900,2,1,992,Short Sale
154546, Atascadero,355000,3,2,1737,Regular
154547,Out Of Area,134900,3,3,1435,Regular
154548,Santa Maria-Orcutt,199900,5,3,1671,Short Sale
154550,Santa Maria-Orcutt,349900,4,3,2800,Short Sale
154553,Santa Maria-Orcutt,99000,2,2,900,Foreclosure
154554,Coalinga,409000,4,3,2507,Short Sale
154556, Pismo Beach,339000,2,2,1440,Regular
154557, San Miguel,595000,3,3,2238,Regular
154558, Pismo Beach,849500,3,3,2725,Regular
154559, Paso Robles,399000,2,3,1772,Regular
154560, Paso Robles,399000,4,2,1947,Regular
154561, Solvang,525000,3,2,1720,Regular
154562, Paso Robles,319900,3,3,1605,Regular
154565, Paso Robles,495000,3,2,1877,Regular
154566,San Luis Obispo,372000,3,2,1104,Foreclosure
154575, Arroyo Grande,589000,3,2,1975,Regular
154580, Cambria,1100000,3,3,2392,Regular
